Brand,Description,Score
Baron G Rouge,"Very dense body Powerful and very complex nose: black cherry, tobacco, cocoa, pepper, fruit paste, dried fruit ... Palate: fleshy, with a tangy finish that brings a lot of freshness. Alcohol (15 ¬∞) does not feel. The whole is very balanced. Long finish, on the acidulated black current.",4
Baron G Rouge,"Nice wine with autochthonous grapes from the heights of Nice (Folle Noire and Braquet). Dark garnet color, a nose both spicy and very fresh on thyme. The palate is delicate, refined, dominated by aromas of blueberries. Very nice bottle.",4
Baron G Rouge,A real discovery. Matches excellently with yellow place.,"4,5"
Baron G Rouge,Round freshness 100% rolle no passage in barrel,4
Baron G Rouge,"The years have passed by, but the wine is still present.",4
Baron G Rouge,"Red fruits on the nose. Fresh and tense mouth, very juicy. Forest fruits. Explosive in the final on beautiful bitters. Fine tannins. At maturity !",4
Baron G Rouge,Beautiful Blackberry discovery Rich and velvety,4
Baron G Rouge,A wine that needs to open so that the tannins melt and take a little depth. Still a little light,"3,5"
Baron G Rouge,"Hum it's good! The nose is beautiful slightly evolved blackcurrant, plum brandy, spices, a subtle smoked. In the mouth great opulence, the material is both fine and melted on the red fruit stewed with the serpolette. The length is prodigious. Big discovery.","4,5"
Baron G Rouge,"Nose: menthol, eucalyptus that bring a lot of freshness and blackcurrant , empyreumatic notes very greedy. On the palate: nice balance, fruity structure we find the tannins in the middle of the mouth and we find the spices in the final. Very nice wine. It must still be waited.",4
Baron G Rouge,Vineyard ultra confidential of the hinterland of Nice. Grape variety. A vegetal and woody wine. Full bodied and very robust. A wine from elsewhere without a doubt.,"3,5"
Baron G Rouge,"1999, exceptional in full maturity, alcohol, fruit, a moment of happiness.",4
Baron G Rouge,Nose cocoa tobacco Mouth powerful confit balance fleshy and freshness at the end of mouth Merveilleux,4
Baron G Rouge,"Sense to be better than the simple name Chateau (without baron) A little too ""fat"" in my opinion Full bodied as the Americans would say because a lot of oak was","2,5"
Baron G Rouge,Slightly golden color Woody nose and toasty notes. Light malt taste with acidity on the finish. Good complexity,4
Baron G Rouge,"70% Folle Noire, 15% Braquet, 15% Grenache. Fresh and fruity.","3,5"
Baron G Rouge,Nose on coffee / cocoa spices but not yet very open. Acidity that balances alcohol. Keep.,4
Baron G Rouge,Very interesting wine Woody and smoky notes A lot of body and power Can still be kept for at least five years ...,"4,5"
Baron G Rouge,"Beautiful white flowers, well structured wine",4
Baron G Rouge,One of the best bellet I have ever tasted in my life and they are very rare!,4
Baron G Rouge,"Round, balanced, red fruit stewed, powerful.",4
Baron G Rouge,"Round, frank, fresh. Mineral. Dry but not austere. Ideal summer",4
Baron G Rouge,"Woody, meaty, a very good wine atypical we feasted ...",4
Baron G Rouge,"Good performance, but we have seen more exciting vintages",4
Baron G Rouge,"Powerful, fruity. Uncommon. Top",5
Baron G Rouge,"Powerful nose, blueberry (according Margaux 5 years) bestial leather (gooseberry according to Magda 12 years) strong and very good finish.",5
Baron G Rouge,The pure Bellet If there is a red wine of bellet it is well that,5
Baron G Rouge,A little delight thank you Pitou!,5
Baron G Rouge,"Smooth, local blend for Nice, less earthy than I remember","4,5"
Baron G Rouge,"This is great ros√©. Aged, but deepened and intense. Perfect with a courgette and goat cheese pie. In the nose confit of strawberry and cherries, with wooded elements. Full bodied, with still tanines, plummy fruit, leather, camphor, brioche, herbal elements, pleasantly peppery and a slightly bitter finish.",4
Baron G Rouge,"Tasting at Bellet winery, Provanse One of three wines presented on degustation - last wine of set 4-- One of signature wines of Chateau, with production only ~5000 bottles. It's really rare wine to have a pleasure to try Already strong ripe berries aromas, herbs, dark ink - ruby color, dominant acidity and still wild tannins. Earthy, mineral, red and black berries driven, strong spicy aftertaste. On other side - after 4 hours in bottle is already drinkable, but some food is requested¬†",4
Baron G Rouge,Wine with great potential,4
Baron G Rouge,Only 20% of chardonnay to round it all up. A nice wine from Nice. I enjoyed it with a local Nice fish: pageot.,4
Baron G Rouge,Easily the best of the 4 wines tasted at the chateau. Dark cherry fruits and violet with medium tannins.,"4,5"
Baron G Rouge,Fresh early strawberries and light oak,4
Baron G Rouge,all in place,"4,5"
Baron G Rouge,Firmly good!,4
Baron G Rouge,"Greetings, arrow.","4,5"
Baron G Rouge,Broken promise,3
Baron G Rouge,Beautiful bold red. Visited the vineyard in Nice in 2016 and bought a few bottles including this one. Superb value for money.,"4,5"
Baron G Rouge,Great wine. Tasty and with a color .....,4
Baron G Rouge,"Colour is Transparent, nose is serious, solid taste. But not mine.",4
Baron G Rouge,Elegant. Fun with wine from France's smallest wine area.,"4,5"
Baron G Rouge,"very beautiful, burgundy-like cuvee, drunk in autumn 2015",3
Baron G Rouge,Shoe polish and dark berries - fresh. Good condition. Something balsamic. Plum and sweet cherries. Great structure. Top ballasted barrel use. Best vintage I have tasted 94-96p,5
Baron G Rouge,Dry and smooth. 'Nuff said.,"4,5"
Baron G Rouge,"Very good wine, well done, good surprise, the best bellet I have ever tast","4,5"
Baron G Rouge,"Tasted February 19, 2015. EYE: Bright ruby color, brick red ring. NOSE: Blackberry, mild scents of smoke and licorice, not a complex bouquet. MOUTH: Progressive attack, a mild acidity, tannins come first, then blackberry, unripe raspberry and licorice. AFTERTASTE: Long caudalies, some astringency, mint. IMPRESSION: A pleasant wine with dominant braquet grapes. Still young, to drink now or in 1-3 years (I don't think it would improve after that). PS: It is an AOC Bellet, not Bordeaux as stated.",3
Baron G Rouge,"Very special wine. Powerful in taste, a little bit licorice, long aftertaste. This vintage is good for 5 years before it is perfect.",4
Baron G Rouge,Passion Provence,"4,5"
Baron G Rouge,"One of the better reds from Nice in my opinion, spices and dark fruits some tobacco / licorice. Bad weather guy on the fireplace and football on tv, then red wine is a must !!!","3,5"
Baron G Rouge,"Would benefit from a few years more in cellar, but drinkable already now. Maybe affected by our recent visit at the house, but this is a very nice bottle.",4
Baron G Rouge,"Perfumed nose. Pepper, blackcurrant, forest notes, oak. Good mouthfeel, good length. 89 p",4
Baron G Rouge,"Sweet fruit, great mouthfeel and balance.","3,5"
Baron G Rouge,"Cool dark red pulp on smell. Good structure, good Grenach wine, full bodied, relatively powerful. Cherry, tobacco, mineral tones, and taste. Long, fairly complex aftertaste with dry output.",4
Baron G Rouge,This is a dry rose with hints of flowers on the nose and a long finish with hints of spice and liquorice.,5
Baron G Rouge,Big surprise! In the best traditions of the best Burgundy.,"4,5"
Baron G Rouge,A liitle too spicy for me,"3,5"
Baron G Rouge,Touch of Chardonnay gives beautiful taste,4
Baron G Rouge,"Bit, not so dry, not so sweet. Good with oyster and lobster. I drink the white one.",4
Baron G Rouge,epice light fully embodied.,4
Baron G Rouge,Visitted the chateau few kilometers outside Nice. Nice little production. Almost no export.,4
Baron G Rouge,Toppertje,4
Baron G Rouge,Good,"3,5"
Baron G Rouge,Super¬†,5
Baron G Rouge,Excellent fruity original slips all by itself great wine,5
Baron G Rouge,It was quite easy to drink and I liked it a lot. The aftertaste is also firm. Get drunk.,"4,5"
Baron G Rouge,Amazing,4
Baron G Rouge,"Balanced on the palate with a scent of nuts, says my friend Mary.",4
Baron G Rouge,Good but ... It will be my taste,"3,5"
Baron G Rouge,Great!,5
Baron G Rouge,Rich and powerful. Not so sweet. Digg!,"4,5"
Baron G Rouge,Fresh and fruity,4
Baron G Rouge,One of the best red I‚Äôve ever had in any price range. Both sweet and dry at the same time. Incredibly tasteful and elegant.,5
Baron G Rouge,At the Chateau Ballet tasting their wines. Well nice but White and Rose are better.,3
Baron G Rouge,Spectacular. Subtle tones with a delightful aftertaste.,"4,5"
Baron G Rouge,Great balance! Deep long flavour. Juicy yet dry mouthfeel.,5
Baron G Rouge,"You do not think it is coming from cote de Provence, full body.",5
Baron G Rouge,Good!,5
Baron G Rouge,Excellent wine with 95% Rolle grapes and 5% Chardonnay grapes added.,5
Baron G Rouge,Wine produced from Nice region. First taste was surprisingly good. Medium bodied and well balanced.,5
Baron G Rouge,Tasted at the Chateau in Nice. Certainly not my taste,2
Baron G Rouge,"Drinks well in Nice. Good body. Good nose and length if it was good enough for Prince Albert, good enough for us.",4
Baron G Rouge,Nice round and good,5
Baron G Rouge,wonderful,5
Baron G Rouge,Wonderful!,5
Baron G Rouge,"Very special experience. Rose on Ticket at Nice made from grapes that are only grown there. Does not taste like ros√©, red wine or white wine. It is completely its own.","3,5"
Baron G Rouge,"Complicated, suitable with spicy fish etc","3,5"
Baron G Rouge,Very nice fruity and Biological wine ....insured without headache!,4
Baron G Rouge,"little astringent, beautiful color",3
Baron G Rouge,Delicious wine very enjoyable.,4
Baron G Rouge,"Ok wine, but does not do it for me..",3
Baron G Rouge,"Natural, funky, berry (black berries - a little immature), some vinegar in the aftertaste","4,5"
Baron G Rouge,Every time I drink it it always looks better,5
Baron G Rouge,Enjoyable!,"3,5"
Baron G Rouge,Salty,"3,5"
Baron G Rouge,Amami's goodness,4
Baron G Rouge,Delicious nice wine,4
Baron G Rouge,"Very Smooth, Blackcurrant, long legs, heavenly, my favourite",5
Baron G Rouge,"Perfect! Not too fruity, not too dry. A perfect balance.",5
Baron G Rouge,a lot of wood,3
Baron G Rouge,"Plums, dates. Tried at vineyard in Nice Store up to 10 years.",4
Baron G Rouge,Acceptable but certainly not adequate for the price,"2,5"
Baron G Rouge,Enormous,5
Baron G Rouge,"
Expensive but top note of ripe red fruit Tannin little present",1
Baron G Rouge,"Bordeaux from ch√¢teau Belvue from 2008, taste with cherries, soft aftertaste. Nice in combination with BBQ.",2
Baron G Rouge,Chateau de Bellet currently around the corner .. Highly recommended :),5
Ch√¢teau de Bellet Rouge,Very big ros√©. Coral dress and floral nose. Full and powerful mouth. Never heavy. Very long with only 13%. A must,4
Ch√¢teau de Bellet Rouge,Too structured to drink as an aperitif. Can accompany a meal easily. Rest a good ros√© de Provence,4
Ch√¢teau de Bellet Rouge,"Beautiful wine, spicy and silky. Long and elegant.",4
Ch√¢teau de Bellet Rouge,"Magnificent ! Cigar notes, at its peak! Or how to match a Provence wine with a game ...",5
Ch√¢teau de Bellet Rouge,"Beautiful colour, aromas of spices, it is all in finesse at the beginning on the prunes then the power arrives. It is full bodied with perfect length. A wine of a small appellation ""Bellet"" on the borders of Nice with two grape varieties: Folle Noire 60% and 40% grenache. With only 10 winegrowers this AOC that could be described as urban (Nice) is simply beautiful. At least in this bottle.","4,5"
Ch√¢teau de Bellet Rouge,"Nose on red fruits, a small rhubarb side, on the palate it looks like a southern pinot, round and fruity. Very nice but lacks a bit of personality.","3,5"
Ch√¢teau de Bellet Rouge,"Tr√®s surprenant, des saveurs, du sud et de la complexit√©. Peut d√©plaire mais son originalit√© m'a plue.",4
Ch√¢teau de Bellet Rouge,good ageing potential  Note of oak on the nose In mouth very complex wine and very balanced with the body in the entry of the vivacity and acidity at the end of the mouth very nice wine,4
Ch√¢teau de Bellet Rouge,"Surprenant !! √âl√©gant et fin, un vrai plaisir !!",4
Ch√¢teau de Bellet Rouge,"Open after nearly 10 years, pleasantly surprised by the holding of this wine, beautiful color, light in the mouth, very short finish.",3
Ch√¢teau de Bellet Rouge,"Gourmand, melted tannins, red fruits and more spicy notes in the finish, it's good but it's still a little expensive ...","3,5"
Ch√¢teau de Bellet Rouge,Great wine with full body aromas of white peach fruits very slightly honeyed and a discreet woody melted Great bottle Too bad the owners are so unkind to say the least,"4,5"
Ch√¢teau de Bellet Rouge,Small pleasant note of red fruits but lack of persistence in the mouth. To decant preferably before tasting,4
Ch√¢teau de Bellet Rouge,"Pleasant fruity. Wine of character. More full bodied than a ""classic"" ros√©. Perfect for a subtle match.",4
Ch√¢teau de Bellet Rouge,"Superb wine, aromatic, freshness",4
Ch√¢teau de Bellet Rouge,"well melted, balanced, fresh in the mouth. Bu in Oct 2016. Excellent. In its plenitude for those who have in their cellar, to drink without waiting.",4
Ch√¢teau de Bellet Rouge,Exceptional! A real crush on this explosive wine with aromas and an unusual mouth.,5
Ch√¢teau de Bellet Rouge,"Wine already completed with a lot of freshness despite the appellation. Nose of black fruits on ripened ample mouth, velvety with big deployment. To keep of course",4
Ch√¢teau de Bellet Rouge,Excellent Very nice surprise To discover quickly !!,4
Ch√¢teau de Bellet Rouge,"Power and tannin, I love","4,5"
Ch√¢teau de Bellet Rouge,Wine of the marriage of the Prince of Monaco. Medium,3
Ch√¢teau de Bellet Rouge,Super red aperitif with blackcurrant ...,5
Ch√¢teau de Bellet Rouge,The white bellet is amazing!,5
Ch√¢teau de Bellet Rouge,Nose: Black cherry - floral - Palate: black fruits,5
Ch√¢teau de Bellet Rouge,Tea well done,"2,5"
Ch√¢teau de Bellet Rouge,without interest . rear taste unpleasant. Folle Noire unpleasant in the mouth.,1
Ch√¢teau de Bellet Rouge,"Quite powerful nose of fruits, apple pie, spice, more powerful on the palate, dry","3,5"
Ch√¢teau de Bellet Rouge,"If you like the reds of southern France, you will like this! It‚Äôs a mix of Folle Noir, which is almost extinct, and Grenache. Pepper, cherry, strawberry, jam, raisins, dried figs. Medium acidity, soft tannins, lengthy & warm finish.",4
Ch√¢teau de Bellet Rouge,"Excellent aged ruby red ripe berries cherry Different combo Grenach/Folle Noir 50/50 light oak, cd feel high alcohol",4
Ch√¢teau de Bellet Rouge,"s my last, or fourth bottle tonight, with Journey, ""don‚Äôt stop believing"", mom. night all! oh, it's from Cot√™ du Rhone, maybe, I like it..., night, night. ;)",4
Ch√¢teau de Bellet Rouge,"Quite scary, meeting a holiday love again after 4 years. Doesn't she disappoint, this 70% Rolle, 30% Grenache from the tiny appalation at Nice? Although very young: no way !!! Dry scent of black cherries, black pepper and potting soil. In the full aftertaste without hard tannins a lot of chocolate, wild strawberry, whole milk, red cherries, herbes d 'Provence, earth and tobacco. Delicious! The aftertaste is somewhat more acidic, towards chocolate-covered black currants. Tip!!! Unnoticeable 15%, 25 ‚Ç¨ @ on the spot, thanks for the import, Suus","4,5"
Ch√¢teau de Bellet Rouge,Magnificent!,"4,5"
Ch√¢teau de Bellet Rouge,"It stands less than Le Chapelle, so it‚Äôs simpler and even sharper","4,5"
Ch√¢teau de Bellet Rouge,Extreme elegant summer wine! Bolo meets provence !! Now up to cahors .... Malbec till i die!,4
Ch√¢teau de Bellet Rouge,"A 50% Grenache and 50% Folle Noir from the very south of France. Bellet AOC is just a drive away from Nice in Provence! This wine really showed something I haven't had in a red wine glass In a while. First it seems like skinny jeans/sour cherry on the palate. But THEN.. with a 15% of alcohol, a glycerol coating, surrounding the inside of my mouth. Like a cognac. Evaporating on my tongue in flavor. Full on with flavor and intensity! Paired this with duck and green pea mash and redwine glaze. Oh my.. üç∑üëç",4
Ch√¢teau de Bellet Rouge,Great wine from a wonderful trip,"4,5"
Ch√¢teau de Bellet Rouge,Dense complex but with a nice touch of red fruits (raspberries),4
Ch√¢teau de Bellet Rouge,"Solid red, light tannins, slightly acidic. Weirdest red but good","4,5"
Ch√¢teau de Bellet Rouge,Best Rose so far while in Provence,"4,5"
Ch√¢teau de Bellet Rouge,Quite wonderful Rolle. Bought this bottle outside of Nice at the winery. Yes!,"4,5"
Ch√¢teau de Bellet Rouge,"Dark. Fantastic nose. Vinous, Mediterranean spices, depth and complexity (reminders of great grenache). The taste doesn't quite follow the nose ...",3
Ch√¢teau de Bellet Rouge,"65 folle noire 35 grenache let it open for a while as ""crazy dark"" (folle noire) is easier to drink when it gets some air. Worth trying with old cheese, red meat. Quality wine from Bellet",4
Ch√¢teau de Bellet Rouge,"A super discovery from southern France. Long smooth and well balanced, initial jammy taste, slight tannins and long aftertaste. then start then becomes more fruity and complex in the mouth. Quite expensive for this region that would normally pay but restaurant in Nice and recommended by them. Note 14.5 %",4
Ch√¢teau de Bellet Rouge,"Light jam flavor, little tannins, in itself very nice, only the cork tends to dry out. Definitely lie down",4
Ch√¢teau de Bellet Rouge,"Oaky and buttery. Purchased from the vineyard itself. Really enjoyed this, wish we‚Äôd bought more.","4,5"
Ch√¢teau de Bellet Rouge,Beautiful wine. Full yet fruity. Nicely balanced.,"4,5"
Ch√¢teau de Bellet Rouge,New & Interesting taste of Rolle,"3,5"
Ch√¢teau de Bellet Rouge,Great French Red.,4
Ch√¢teau de Bellet Rouge,"Minuty at first, but with a strong taste of strawberries at the end.",4
Ch√¢teau de Bellet Rouge,"Super smooth, light",4
Ch√¢teau de Bellet Rouge,"Muffin, vanilla, leather, no darling","3,5"
Ch√¢teau de Bellet Rouge,The stony soil and resilient grape combine to present this disturbed blend. Bitter like my ex and dirty... like my ex.,2
Ch√¢teau de Bellet Rouge,Balanced but somewhat dry.,5
Ch√¢teau de Bellet Rouge,Fruity floral Tried at vineyard in Nice,4
Ch√¢teau de Bellet Rouge,"Elegant. Substantial, unusual rose; aromatic, peach, melon",4
Ch√¢teau de Bellet Rouge,"Brilliant, straightforward!",4
Ch√¢teau de Bellet Rouge,The Nizzardi knew their business,4
Ch√¢teau de Bellet Rouge,"Wine has evolved extremely well after resting in decanter. The clear color, complex aroma and round finish.",5
Ch√¢teau de Bellet Rouge,Lovely cherry fruit and freshness. Doesn't appear to have aged much at all.,4
Ch√¢teau de Bellet Rouge,Light and smooth,5
Ch√¢teau de Bellet Rouge,Excellent french wine. Dry and intense.,5
Ch√¢teau de Bellet Rouge,Nice and fruity,4
Ch√¢teau de Bellet Rouge,In the top,5
Ch√¢teau de Bellet Rouge,Excellent,4
Ch√¢teau de Bellet Rouge,Fruity excellent !!!,5
Ch√¢teau de Bellet Rouge,"Very nice to drink, soft, would be good with lamb or... bouillabaisse","3,5"
Ch√¢teau de Bellet Rouge,A good bodied Provence red,3
Ch√¢teau de Bellet Rouge,"A wonderful wine local to Nice on the cote d‚Äôazur. Made with a grape known as the Folle Noir, or Crazy Black, notorious for it‚Äôs inconsistent growth! Full bodied, fruity and rich, with no hint of bitterness or mal intent. A rare find, enjoy it!",5
Ch√¢teau de Bellet Rouge,Good balance fruity excellent with roast lamb,5
Ch√¢teau de Bellet Rouge,God rose fra provance,5
Ch√¢teau de Bellet Rouge,superb,5
Ch√¢teau de Bellet Rouge,Perfect!,5
Baron G Rose,The rose of the colour is in The nose exhales raspberry and licorice The mouth is full and long A beautiful wine,4
Baron G Rose,"Superb very expressive nose with an uncommon variety, notes of underwood, mouth with a nice balance and a good freshness, beautiful length very beautiful bottle, appellation to discover!",4
Baron G Rose,Pleasant wine Less full bodied than its baron counterpart,3
Baron G Rose,Pffffff with a fois gras .....,4
Baron G Rose,At Dorine et David,4
Baron G Rose,"Nose of peach, violet and cherry. In the mouth grape peach dominates",4
Baron G Rose,"Fruity, black cherry",4
Baron G Rose,Fruity notes of fresh cherries. Crunchy with some very nice structure.,5
Baron G Rose,"Very beautiful colour, good holding in mouth.",4
Baron G Rose,bellet ???? the appellation is not a good wine. far from Provence and light years from one side of the Rh√¥ne,2
Baron G Rose,"Capitous, gourmand, fruity, generous","1,5"
Baron G Rose,"Red berries mainly sloe and sour red cherries. A bit oxidated. Medium avidity. Long tail. From one of the smallest and oldest wine districts in France, Bellet. 85% Braquet, 10% Grenache and 5% Cinsault.",4
Baron G Rose,Quite nice for such a young wine. Mixed perfect with the spicy food it was served with.,4
Baron G Rose,Earthy. Chocolate. Ripe fruit. 35% Gernache and 65% folle Nior.,4
Baron G Rose,Love this. Best of Bellet I think. Fresh fruity & delicious,"4,5"
Baron G Rose,"Earthy, unusual stuff","4,5"
Baron G Rose,Very special,4
Baron G Rose,"Very good. In the flavor there are berries, while fresh. Slightly oxidized. But for rose 2006, it is terribly alive","3,5"
Baron G Rose,"This is really serious! Mashed strawberries, cherries and a sense of minerality. High acidity and high food potential.",4
Baron G Rose,Fantastic rose from a wonderful trip,"4,5"
Baron G Rose,"Delicious, it goes down it's a marvel. Ideal with seafood.",4
Baron G Rose,Best rose I ever had,5
Baron G Rose,Best rose ever tasted. Nice. Scents of incredible Mediterranean scrub. Red berry. Slight taste of wood.,5
Baron G Rose,Nice,"3,5"
Baron G Rose,Very good,4
Baron G Rose,It has long been past its peak wine with a faint hint of strawberries in a bouquet and taste. The color is much like an orange wine with a long exposure to the pulp.,3
Baron G Rose,Dark and strong ros√© that can be used for much food. The color is almost like a bright light pinot. Tart and with good aftertaste.,"4,5"
Baron G Rose,"Colorful to be Provence, and also tasty - raspberries, pomegranate, yellow apples and grapefruit",4
Baron G Rose,Without pain or glory. Light,"3,5"
Baron G Rose,Very special ros√©. Powerful and yet very comfortable and soft.,"3,5"
Baron G Rose,"And nevertheless pure Rolle (Vermentino) at the end is harsh, as if it were not kept in barrels","4,5"
Baron G Rose,Honey and white fruits,"4,5"
Baron G Rose,Fruity and oak,4
Baron G Rose,"Very unique Ros√©, very floral","4,5"
Baron G Rose,Fine. Nothing outstanding.,3
Baron G Rose,"Exhausted, but with good acidity and fresh taste.",3
Baron G Rose,Great strawberry. Very original.,"4,5"
Baron G Rose,I liked the duck and the food.,4
Baron G Rose,"Not a big fan of pink but definitely one of the best ever drunk. Notes of red fruits, scrubland, literally enveloping the palate. Little salinity much roundness Top",5
Baron G Rose,Super,4
Baron G Rose,"Light, like champagne. Yummy",5
Baron G Rose,No interest,"1,5"
Baron G Rose,Rose on this grape was nothing for me,2
Baron G Rose,Fruity and full,4
Baron G Rose,Very good,5
Baron G Rose,"Complex, dark",4
Baron G Rose,Melon,"1,5"
Baron G Rose,An interesting mature wine. Unexpectedly for the ros√© beast. Easily coped with prosciutto.,4
Baron G Rose,Made in oak barrels. Okay. But the tank is more fruity,4
Baron G Rose,Tasty gourmet wine WAW,5
Baron G Rose,"Beautiful strawberry peach color, intriguing aroma of spice/flower/strawberry, dry medium rounded mouthfeel, soft bitter tone compliments well with the strawberry and fragrant flavor, medium finish. Interesting wine on its own.",3
Baron G Rose,3.5 for now ... Let's wait a bit.,"3,5"
Baron G Rose,value for noney,3
Baron G Rose,"100% Braquet, interesting green taste. Really red for a ros√©.",3
Baron G Rose,I did not understand the question,"3,5"
Baron G Rose,Possibly. Waited a bit too long - already slightly sweet and similar to Vinsanto. Still very good!,"3,5"
Baron G Blanc,Nose citrus and honey. Round mouth and greedy. Beautiful length.,"4,5"
Baron G Blanc,"A slightly lemony nose, woody at will and round. A sweet mouth, well balanced. A beautiful rolle of the hills of Nice! Beautiful discovery",4
Baron G Blanc,"Moderately supported colour. Nose: very subtle and very pure: candied white fruits (plum, peach, apple ...). Palate: very smooth and balanced, it is tasted with the tip of the tongue. Long finish, with a hint of bitterness.","4,5"
Baron G Blanc,"Very fresh, tense, precise. superb","4,5"
Baron G Blanc,Superb with grilled lobster,"3,5"
Baron G Blanc,"What a nice surprise ! A bottle forgotten in the cellar, which has evolved perfectly. The colour is beautifully golden, the mouth is greedy, opulent, persistent with a woody elegant and well integrated. It's very good!",4
Baron G Blanc,A very successful southern white with a freshness brought by almond bitters in the finish. Very good.,4
Baron G Blanc,Nervous and precise. Very good white.,4
Baron G Blanc,"Interesting, Italian grape for this southern white. The texture is suberbe, full bodied. The mouth is less complex than the nose. There is a real finesse, it's good. We will just like a little more persistence in the finish.","3,5"
Baron G Blanc,The top full bodied very powerful wine a lot of acidity Very balanced wine To taste,"4,5"
Baron G Blanc,"Very expressive nose: floral (acacia), hints of honey, bergamot and slightly reduced (ripe apple). Palate: very silky, delicate finish, with a nice body. Fruity and fresh attack (apple), mid-palate there are some tertiary aromas (caramel), slightly spicy finish. A very beautiful wine, magnificent expression of the Rolle, but which type very chardonnay.",5
Baron G Blanc,"Quite original, one or syrupy with a bitter but fresh finish.","4,5"
Baron G Blanc,"Wonderful wine, with a fresh nose on buttered notes, white flowers, bergamot, which kind enough chardonnay. On the palate, the wine is round and fresh with a beautiful body, with notes of apple, flowers and a very nice finish on the fruit kernel / bitter almond.",5
Baron G Blanc,"Pleasant, atypical appreciated with a fish",4
Baron G Blanc,Very pleasantly surprised,4
Baron G Blanc,"Slightly full bodied, a lot of holding. We went with foie gras and then duck.",4
Baron G Blanc,Mineral wine but with a certain roundness,5
Baron G Blanc,"Pepper, citrus, oak, I agree with another reviewer. Drinking it after Chablis, it took some time to get used to it but actually very good with rawish scallops, asparagus and sauce hollandaise.",4
Baron G Blanc,"Blend of the Rolle grape 95% and the Chardonnay 5%. Aromas of stone fruit, almonds and flowers. Complex and structured. You taste pear, apricot and vanilla notes. Long finish","4,5"
Baron G Blanc,"Pepper, citrus, oak and white fruits and flowers. Great concentration and flavor depth. Excellent. 90 p","4,5"
Baron G Blanc,"Best from Bellet, very well integrated","4,5"
Baron G Blanc,"Very enjoyable. On stone fruits, apricot, hints of liquorice, white pepper. Lovely.",4
Baron G Blanc,I Like this wine. Very fruity complexity. Everlasting final. Perfect balance!!,4
Baron G Blanc,"Wine from a small appellation next to Nice (they say almost the oldest vineyard in France). It would seem, well, what can we expect from an almost resort wine? The aroma of almond liqueur, ripe fruit on the palate is almost dessert. Full bodied. Elegantly aged!","4,5"
Baron G Blanc,"Super white wine to my liking. Lime, apricot, dish and a well balanced acidity. Works well for eg shrimp, asparagus and a sauce. I've been to Chateau de Bellet in Nice earlier this year. However, this bottle is drunk at Restaurant Cutlery.",4
Baron G Blanc,Good bottle,4
Baron G Blanc,"From the hilltops of Nice, with '000s hours of sun tempered with Meditterean breeze, a literally ""royal wine"" of 95% Rolle blended with 5% of Chardonnay. Crisp with attitude. Almost perfect!","4,5"
Baron G Blanc,"Tasting at Bellet winery, Provanse One of three wines presented on degustation - and clear winer of set 4++ Wine made of 95% Rolle grape and 5% Chardonnay added to give rounded taste. Good floral aromas and impressive taste, mostly affected by chalcy and hard as rock soil. Medium body, light tannins and well integrated acidity. Really elegant wine Trust that it will improve over aging to full 5* wine, take a bottle to prove theory",4
Baron G Blanc,Neat perfume and dried fruit. Interesting.,4
Baron G Blanc,Mature white„ÄÅvalue for money.,4
Baron G Blanc,Actually 4.1 or 4.2 Deeper than Chardonnay Grand Cru-wins Role.,4
Baron G Blanc,88-88.5 / 100 breathed. quite alive. not very complicated but very interesting,4
Baron G Blanc,"Ever heard of the Bellet AOC? Me neither. This is 95% rolle and 5% chardonnay as I recall, tasted blind. Fresh in a very Sancerre way, showing limefruit zest, wheatgrass, limestone with a nice intensity. Acidic but slightly offdry as I recall. Interesting wine.",3
Baron G Blanc,"Fruity, reminded me of whiskytaste, maybe some honey, nuts?",4
Baron G Blanc,"Light and floral, great daytime drinking",4
Baron G Blanc,"Beautiful, just like Nice!","4,5"
Baron G Blanc,Pleasingly fresh but with surprising depth from the 5% Chardonnay,4
Baron G Blanc,Perfect match with lobster,"4,5"
Baron G Blanc,"Pretty oaky, dry white from the tiny Bellet appellation near Nice. Overpriced IMO @‚Ç¨30 from the chateau","3,5"
Baron G Blanc,100% indigenous aboriginal grape of beautiful roundness full bodied pretty,4
Baron G Blanc,A great start Vermentino smooths out sharpness at the end of 5% Chardonnay. Super!,5
Baron G Blanc,Great :-),4
Baron G Blanc,Unrivaled,"4,5"
Baron G Blanc,Nice local wine! At La Merenda we followed the chef's advice at dinner. And we liked it!),4
Baron G Blanc,"Excellent white wine with 95% Rolle and 5% Chardonnay grapes only. A very good body, nose and taste.",5
Baron G Blanc,Very reminiscent of sherry. Strong taste of something fruit / dried fruit.,"3,5"
Baron G Blanc,Really a delicious wine. The 5% Chardonnay rounds the wine off well.,4
Baron G Blanc,"Wonderful, went to the winery in France and bought a sample of everything...so good!","4,5"
Baron G Blanc,Lost body,3
Baron G Blanc,"Three years ago in July, I bought wine from a nearby winery in Nice, the last town of my honeymoon. Wife who did not enjoy Nice enough by evil temper. My daughter also got bigger safely. I saved the wine, I opened it with two people ‚ô™ I feel refreshed and smooth, today in Depa underground where I went out to search for my daughter's swimsuit, the level of the prepared food to match the wine was high, too I was satisfied. After a meal, I took a walk in the neighborhood with three people and watched the rest of Totoro together. Everything is calm.",4
Baron G Blanc,Fantastic!,"4,5"
Baron G Blanc,Dry and original,4
Baron G Blanc,thx always Tasaki san :),3
Baron G Blanc,"Dry, tasty and very good.","3,5"
Baron G Blanc,"Fresh, local, bubbly","4,5"
Baron G Blanc,This is exactly a five point one. Very cool stuff from Rolle. May live another 5 years ...,5
Baron G Blanc,"Great wine. Very nice bouquet. Spicy. With a taste of pear, lemon, nuts.",5
Baron G Blanc,Died,1
Baron G Blanc,A nice wine would need a good food pairing,"3,5"
Baron G Blanc,"A delicious wine, would be wonderful with fish.","4,5"
Baron G Blanc,value for money!,4
Baron G Blanc,"Lovely, great flavour.",5
Baron G Blanc,Perfect outdoor drinking. Rolle on summer (forgive the pun)!!!,4
Baron G Blanc,Freshly white,"3,5"
Baron G Blanc,Fruity wine,4
Baron G Blanc,Complex honey Tried at vineyard in Nice,5
Baron G Blanc,surprising,3
Baron G Blanc,Not my taste - find it bitter and did not enjoy it at all. Apparently served at the wedding of the monarch of Monaco - perhaps prior years were better...,1
Baron G Blanc,"Complex, long, intense",5
Baron G Blanc,"Crazy. Fruity, full, special combination of flavors.",5
Ch√¢teau de Bellet Blanc,"Moderately supported dress. Very complex and expressive nose: pear, cooked apple, brandy, citrus, butter, toasted, honey, pepper ... Mouth: a lot of nerve, a lot of volume in the mouth, a lot of subtlety. Sugar and alcohol well present, but in perfect balance. With 5 more years he will reach heights.","4,5"
Ch√¢teau de Bellet Blanc,"Very nice wine, beautiful body, suave, beautiful length. Beautiful conservation for a 2012",4
Ch√¢teau de Bellet Blanc,"Very nice discovery! A Ni√ßois wine made from the endemic variety, the Folle Noire (60%), to which is added 40% of Grenache. AOP Nice, one of the smallest in France.",5
Ch√¢teau de Bellet Blanc,"A great classic of the Ni√ßoise region, fruity, powerful, it is a white wine of the sun which matches perfectly our Mediterranean dishes","4,5"
Ch√¢teau de Bellet Blanc,"Organic white wine, round, full-bodied, aromatic, excellent value for money",4
Ch√¢teau de Bellet Blanc,"Excellent discovery, deep wine, yellow fruits and smoked aroma, ideal with seafood! I highly recommend !","4,5"
Ch√¢teau de Bellet Blanc,Millesime 2016 Excellent wine May match a meal such as Saint Jacques with truffle and poultry and citrus fruit dessert Take a box without hesitation!,"4,5"
Ch√¢teau de Bellet Blanc,"Complex and elegant nose: fruits (pear, apple, citrus ...) butter, honey. Nice roundness revived by a tannic finale. To keep until 5 years old and to taste on a blanquette, a square of pork with honey ",5
Ch√¢teau de Bellet Blanc,Nose fruit brandy of butter grilled honey apple cooked complex full-bodied mouth and finish is balanced,4
Ch√¢teau de Bellet Blanc,Drank on a boletus bisque,4
Ch√¢teau de Bellet Blanc,"Nose of nuts, dried fruits. A tense mouth, a bit confusing for lovers of fruity whites. Flexible and pleasant.",3
Ch√¢teau de Bellet Blanc,"Best white I've ever had. First time tasting such a pronounced Vanilla and oaky flavour to the point I'm floating in the clouds in this heavenly glass. Nice acidity, balanced subtle sweetness, smooth yet sharp. Sublime!","4,5"
Ch√¢teau de Bellet Blanc,*kisses fingers * muah!,"4,5"
Ch√¢teau de Bellet Blanc,Too much oak,"2,5"
Ch√¢teau de Bellet Blanc,"Apricot, pineappel, Passion fruit. Wellicht ballance between acidity. Alcohol and die tot the tropical fruit IT shows sweetness. A real top wind from 100%rolle",5
Ch√¢teau de Bellet Blanc,"How often do you drink Rolle? Exactly. This has made me curious atleast. Interesting nose, cakey spicy sweet vanilla oak. On the palate quite some sweet oak also, but refined and appealing oak. Drippingly juicy tropical fruit, creamy and crisp.",4
Ch√¢teau de Bellet Blanc,"Great organic white from Nice. Powerful, oily, mint finish. Meeeeeeega !!!!","4,5"
Ch√¢teau de Bellet Blanc,"Lovely. Fousty, lots of straw and damp and mould. All good things (as ever). Hay and butter and baking. Strawberry tart.",5
Ch√¢teau de Bellet Blanc,"On the nose it is spicy and with notes of vanilla, in the mouth it shows aromas of pastries, butter, and more subtle tropical fruits and herbs. FIRST TIME I try the Rolle variety, at first you tend to establish a parallel with the reference of a Chardonnay, but then you see that this variety has its own personality. Dry, but with a sweetish smudge, it is elegant and a surprising wine, it is deep and pleasant to the palate. I do not think there are many bottles, if you find it, try it.",4
Ch√¢teau de Bellet Blanc,Excellent very aromatic wine,4
Ch√¢teau de Bellet Blanc,"Oak at the front but doesn‚Äôt linger, soft finish",4
Ch√¢teau de Bellet Blanc,Very nice with oaky tones,"4,5"
Ch√¢teau de Bellet Blanc,"Solid wine with a lot of depth due to barrel fermentation and time. Balanced oak, vanilla, butter with tropical fruit.",4
Ch√¢teau de Bellet Blanc,"Second Bellet wine for me. Quite interesting! 100% rolle grapes a little oak, buttery and peach taste.",4
Ch√¢teau de Bellet Blanc,"No oak. Floral. Apricots, Apple. Fruity.",4
Ch√¢teau de Bellet Blanc,"Beautiful nose, good grip in the mouth but still pleasant, very herbal/spicy","3,5"
Ch√¢teau de Bellet Blanc,Very rich and intense taste. Full bodied but fresh.,4
Ch√¢teau de Bellet Blanc,"White fruits, flowers, minerals. Creamy, good length. 87 p",4
Ch√¢teau de Bellet Blanc,"AOP Bellet. Light straw yellow, beautifully beautiful. Floral, yellow fruit, nuts, lactic, peach. Very promising nose. Juicy and round my mouth, somewhat creamy and peppery, ending in a bitterness. Balance ok. Yellow fruit, slightly peppery and spicy. Hint of oak and wood use. Good length of 6-7 sec. Do not serve too cold. 100% Rolle. Nice but special wine. Earlier meal wine with buttery sauce and the necessary complex composition. Fried fish or chicken with cream sauce. Wing wood dominates quickly.",3
Ch√¢teau de Bellet Blanc,Super nice wine with balanced sweetness and dryness in the taste. Hint of vanilla / oak with the well-known smoked flavor note. A fruity introduction that moves into a dry aftertaste. Definitely recommendable.,4
Ch√¢teau de Bellet Blanc,"Tasted for wine tasting at the Chateau. An ok white wine, but the price pulls it just half a star down. ‚Ç¨ 32 is definitely not worth it","2,5"
Ch√¢teau de Bellet Blanc,"Lovely Smith finish, nice mouth feel. Has a nice mineral quality to it.",4
Ch√¢teau de Bellet Blanc,Great White wine 100% of the local grape Rolle,5
Ch√¢teau de Bellet Blanc,"Absolutely stunning. Fresh ripe fruit flavours, not over sweet. Oak does wonders - lots of vanilla and toast. No one can dislike this wine",5
Ch√¢teau de Bellet Blanc,100% Role from very small wine region. Nice fused wood.,4
Ch√¢teau de Bellet Blanc,"Wow, a lovely wine. Agree, like a top end riesling",5
Ch√¢teau de Bellet Blanc,Smooth and buttery. Great wine- from Andy in France,4
Ch√¢teau de Bellet Blanc,"Close to a Riesling in the nose. Petrol, flowery. Exotic fruits.",4
Ch√¢teau de Bellet Blanc,Very nice white 100% of local grape Rolle.,4
Ch√¢teau de Bellet Blanc,"Strawberry, light, delicate, wonderful",4
Ch√¢teau de Bellet Blanc,We had it with duck steak and it made a good combination. Fruity and vivid.,4
Ch√¢teau de Bellet Blanc,Nice body and very tasty. We really liked it.,5
Ch√¢teau de Bellet Blanc,Delicious deep and fruity white wine,5
Ch√¢teau de Bellet Blanc,Fruit,"3,5"
Ch√¢teau de Bellet Blanc,Top,4
Ch√¢teau de Bellet Blanc,Very good!,"3,5"
Ch√¢teau de Bellet Blanc,"Very exciting, a little mineral, but super for fish.",4
Agnes Rouge,Yummy,5
Agnes Rouge,Wait until 2020 to open !!!! Will be an excellent wine!,5
Ch√¢teau de Bellet Rose,"Marvelous Rose from winery with origins dating back to Italian royal House of Savoy When in the Provence .... I was lucky to taste this exquisite Ros√© Grape: 100% Braquet Intense and beautifully dark ros√© colored Aromas of red cherries, raspberry, apricot and roses nicely blend together On the palate; soft, smooth, dry with crispy freshness. Intense end persisting final surprisingly characterized by black pepper that gives it a really nice and unexpected punch! Paired excellent with grilled meat 89!",4
Ch√¢teau de Bellet Rose,"Tasting at Bellet winery, Provanse One of three wines presented on degustation - and second place winer 4+ This fine is ready to drink and is far away from regular flat Provanse rose's. Dry, bold and elegant - I think is best rose I have tasted. Elegant and floral aromatic. Could be perfect companion to savory meal, even pork meat. Goat cheese should be best mate to it üòã It's also very rare Rose to get - production is very limited and on high demand in fancy local restaurants",4
Ch√¢teau de Bellet Rose,Nice rose. Raspberry and good fruit in the pallet.,4
Ch√¢teau de Bellet Rose,Exceptional finesse,"4,5"
Ch√¢teau de Bellet Rose,Floral.,"3,5"
Ch√¢teau de Bellet Rose,Neither resembles the Rose of Provence. Very interesting with acidity present and asks for a food to accompany. Beautiful wine,"3,5"
Ch√¢teau de Bellet Rose,Strong raisin flavor,3
La Chapele Blanc,Very beautiful Bellet,4
La Chapele Blanc,"100% rolle hard to get in NL but if you can buy one, definitely do. Flowery full of fruit and minerals a little oak really a special experience. A bit smoky and full of flavor.","4,5"
La Chapele Blanc,Pretty good,4
La Chapele Blanc,"Wallnut, nutty",3
La Chapele Blanc,Solid white. It seems to fit with Omar shrimp and fish butter saute,3